Pertanyaan|Jawaban
[cite_start]Apa kepanjangan dari SLIK?|SLIK adalah Sistem Layanan Informasi Keuangan yang dikelola oleh Otoritas Jasa Keuangan. [cite: 17]
[cite_start]Untuk apa SLIK dimanfaatkan?|SLIK dapat dimanfaatkan untuk mendukung Lembaga Jasa Keuangan (LJK) dalam proses analisis penyediaan dana,  penerapan manajemen risiko kredit atau pembiayaan dan/atau risiko asuransi atau penjaminan, serta kegiatan lainnya untuk mendukung pelaksanaan kegiatan usaha pada LJK. [cite: 18]
[cite_start]Apa yang harus disampaikan Pelapor untuk menyelenggarakan kegiatan pelaporan dan permintaan Informasi Debitur melalui SLIK?|Pelapor harus menyampaikan Laporan Debitur kepada Otoritas Jasa Keuangan secara lengkap, akurat, terkini, utuh, dan tepat waktu setiap bulan untuk posisi data akhir bulan,  dan koreksi Laporan Debitur kepada Otoritas Jasa Keuangan jika Laporan Debitur yang telah disampaikan tidak memenuhi ketentuan. [cite: 19, 20, 21, 22, 24]
[cite_start]Siapa saja pihak yang wajib menjadi Pelapor?|Pihak yang wajib menjadi Pelapor meliputi Bank Umum (Konvensional dan Syariah), Bank Perekonomian Rakyat (BPR),  Bank Perekonomian Rakyat Syariah (BPRS),  Lembaga Pembiayaan yang memberikan Fasilitas Penyediaan Dana (Konvensional dan Syariah), Perusahaan Efek yang menjalankan kegiatan usaha sebagai perantara pedagang efek, Lembaga Pendanaan Efek, Perusahaan Asuransi yang memasarkan produk asuransi kredit dan/atau suretyship, Perusahaan Asuransi Syariah yang memasarkan produk asuransi pembiayaan syariah dan/atau suretyship syariah, Perusahaan Penjaminan, Perusahaan Penjaminan Syariah,  Penyelenggara Layanan Pendanaan Bersama Berbasis Teknologi Informasi (LPBBTI) (Konvensional dan Syariah), LJK lainnya yang memberikan Fasilitas Penyediaan Dana (lembaga pembiayaan ekspor Indonesia, pergadaian,  perusahaan, pembiayaan sekunder perumahan, dan perusahaan pembiayaan untuk pengembangan infrastruktur, koperasi, usaha kecil dan menengah), LJK yang diwajibkan menjadi Pelapor sesuai dengan Peraturan Otoritas Jasa Keuangan, dan Unit usaha syariah dari beberapa jenis LJK konvensional. [cite: 31, 32, 33, 34, 35, 36, 37, 38, 39, 40, 41, 42, 43, 44, 45, 46, 47, 48, 49, 50, 51, 52, 53, 54, 55, 56, 57, 58, 59, 60, 61, 62, 63, 64, 65, 66, 67, 68, 69, 70, 71, 72, 73, 74]
[cite_start]Kapan Pergadaian yang melaksanakan kegiatan usaha penyaluran pinjaman dengan jaminan berdasarkan fidusia, yang belum menjadi Pelapor, ditetapkan sebagai Pelapor?|Pergadaian yang melaksanakan kegiatan usaha penyaluran pinjaman dengan jaminan berdasarkan fidusia, yang belum menjadi Pelapor, ditetapkan sebagai Pelapor paling lambat tanggal 31 Desember 2025. [cite: 93]
[cite_start]Apa saja cakupan informasi dalam Laporan Debitur?|Laporan Debitur mencakup informasi mengenai Debitur, Fasilitas Penyediaan Dana (kredit atau pembiayaan, surat berharga, transaksi rekening administratif, dan fasilitas lainnya yang dapat dipersamakan), agunan, penjamin, pengurus dan pemilik, dan keuangan Debitur. [cite: 162, 163, 164, 165, 166, 167, 168, 169, 170, 171, 172, 173, 174, 175, 176, 177, 178, 181, 182, 183, 184, 185, 186, 187, 188, 189, 190]
[cite_start]Bagaimana cara penyampaian Laporan Debitur secara daring?|Pelapor hanya dapat menyampaikan Laporan Debitur dan/atau koreksi Laporan Debitur oleh kantor pusat Pelapor secara daring kepada Otoritas Jasa Keuangan. [cite: 213, 214, 215]
[cite_start]Apa yang dimaksud dengan SLIK?|SLIK adalah sistem informasi yang dikelola oleh Otoritas Jasa Keuangan untuk mendukung pelaksanaan tugas pengawasan dan layanan informasi di bidang keuangan. [cite: 17, 518]
[cite_start]Apa saja aplikasi yang terdapat dalam SLIK?|SLIK terdiri dari 4 (empat) aplikasi, yaitu SLIK Reporting, SLIK Web, host to host SLIK, dan iDeb Viewer. [cite: 522]
[cite_start]Apa fungsi aplikasi SLIK Reporting?|Aplikasi SLIK Reporting berfungsi untuk validasi data, enkripsi, kompresi, dan pembentukan file laporan yang siap dikirim ke peladen (server) Otoritas Jasa Keuangan, serta pengiriman Laporan Debitur langsung ke peladen Otoritas Jasa Keuangan melalui File Transfer Protocol (FTP). [cite: 524, 525]
[cite_start]Apa fungsi aplikasi SLIK Web?|Aplikasi SLIK Web memiliki fungsi antara lain untuk mengunggah (upload) file Laporan Debitur sebagai alternatif pengiriman laporan, pemantauan laporan, permintaan Informasi Debitur, pemantauan permintaan Informasi Debitur, koreksi data secara daring, pengelolaan pengguna, dan pemantauan aktivitas pengguna. [cite: 529]
[cite_start]Apa fungsi Host to host SLIK?|Host to host SLIK adalah aplikasi yang disediakan oleh Otoritas Jasa Keuangan untuk mengakomodir permintaan informasi debitur melalui mekanisme keterhubungan antara aplikasi Pelapor dengan aplikasi Otoritas Jasa Keuangan secara interaktif menggunakan jaringan ekstranet. [cite: 538]
[cite_start]Apa fungsi aplikasi iDeb Viewer?|Aplikasi iDeb Viewer adalah aplikasi yang dipasang pada perangkat komputer pengguna untuk menampilkan hasil permintaan Informasi Debitur yang dilakukan oleh pengguna menggunakan aplikasi SLIK Web. [cite: 539]
[cite_start]Berapa maksimal jumlah administrator SLIK Web?|Jumlah maksimal Administrator SLIK Web adalah 2 user. [cite: 633]
[cite_start]Berapa maksimal jumlah petugas pelaporan?|Jumlah maksimal Petugas Pelaporan adalah 4 user. [cite: 633]
[cite_start]Untuk Pelapor dengan aset <Rp500M, berapa maksimal petugas permintaan informasi?|Untuk Pelapor dengan aset <Rp500M, jumlah maksimal petugas permintaan informasi adalah 2 user x jumlah kantor. [cite: 633]
[cite_start]Bagaimana Pelapor memperoleh user ID dan password Administrator SLIK Web?|Untuk memperoleh user ID dan password Administrator SLIK Web, Pelapor menyampaikan permintaan secara tertulis yang memuat data pegawai pelaksana dan/atau pejabat yang ditunjuk menjadi Administrator SLIK Web di Pelapor. [cite: 640, 641]
[cite_start]Apa tujuan pelaporan Laporan Debitur?|Laporan Debitur dapat digunakan dalam rangka mendukung kelancaran proses pemberian Fasilitas Penyediaan Dana, menerapkan manajemen risiko kredit atau pembiayaan dan/atau risiko asuransi atau penjaminan, mengidentifikasi kualitas Debitur dalam rangka pemenuhan ketentuan Otoritas Jasa Keuangan atau pihak lain yang berwenang, pengelolaan sumber daya manusia pada Pelapor, dan/atau verifikasi untuk kerja sama Pelapor dengan pihak ketiga. [cite: 655, 656, 657, 658, 659, 660, 661, 662, 663, 664]
[cite_start]Sampai kapan Pelapor menyampaikan Laporan Debitur sesuai dengan pedoman penyusunan Laporan Debitur dalam Lampiran I Surat Edaran Otoritas Jasa Keuangan Nomor 3/SEOJK.03/2021?|Pelapor menyampaikan Laporan Debitur sesuai dengan pedoman penyusunan Laporan Debitur dalam Lampiran I Surat Edaran Otoritas Jasa Keuangan Nomor 3/SEOJK.03/2021 sampai dengan posisi data bulan September 2024. [cite: 483, 484]
[cite_start]Mulai kapan Pelapor menyampaikan Laporan Debitur sesuai dengan pedoman penyusunan Laporan Debitur dalam Lampiran I Surat Edaran Otoritas Jasa Keuangan Nomor 11/SEOJK.01/2024?|Pelapor menyampaikan Laporan Debitur mulai posisi data bulan Oktober 2024 sesuai dengan pedoman penyusunan Laporan Debitur dalam Lampiran I Surat Edaran Otoritas Jasa Keuangan Nomor 11/SEOJK.01/2024. [cite: 485]
[cite_start]Bagaimana format penamaan text file untuk setiap segmen laporan?|Struktur penamaan text file adalah <Kode Jenis Pelapor>.<Kode Pelapor>.<Tahun>.<Bulan>.<Kode Segmen>.<Urutan>.txt. [cite: 728]
[cite_start]Bagaimana pelaporan untuk fasilitas kredit atau pembiayaan sindikasi (Joint Financing)?|Bank melaporkan Debitur yang diberikan fasilitas secara sindikasi berdasarkan besar fasilitas yang langsung dari Bank tersebut. [cite: 1942]
[cite_start]Bagaimana pelaporan untuk fasilitas Joint Account?|Pada segmen fasilitas, jumlah fasilitas yang dilaporkan adalah sebanyak jumlah Debiturnya, karena 1 (satu) nomor rekening digunakan lebih dari 1 (satu) Debitur dan setiap Debitur memiliki tanggung jawab untuk melakukan pelunasan atas fasilitas yang diterimanya. [cite: 1945]
[cite_start]Bagaimana pelaporan untuk skema channeling?|Pelapor yang menanggung risiko akan melaporkan Debitur akhir penerima fasilitas pada segmen Debitur dan fasilitas. [cite: 1946]
[cite_start]Bagaimana pelaporan untuk skema executing?|Setiap pihak yang menerima dana secara langsung maupun tidak langsung, melaporkan masing-masing pihak yang menerima dana pada segmen Debitur dan Fasilitas Penyediaan Dana. [cite: 1947]
[cite_start]Bagaimana pelaporan untuk Kredit atau Pembiayaan Multi Fasilitas?|Pelaporan kredit atau pembiayaan dengan jenis ini dilakukan terhadap masing-masing fasilitas. [cite: 1950]
[cite_start]Bagaimana pelaporan untuk Kartu Kredit atau Kartu Pembiayaan Syariah jika dilakukan pembayaran penuh atas tagihan?|Jika dilakukan pembayaran penuh atas tagihan kredit atau pembiayaan, maka dalam pelaporannya dilakukan dengan melaporkan nilai baki debet dengan 0 (nol) dan kondisi diisi dengan ‘00’ (fasilitas aktif). [cite: 1980]
Kapan kolom "Tanggal Macet" diisi?|Kolom ini tidak dapat dikosongkan jika fasilitas kredit atau pembiayaan yang dilaporkan dinyatakan macet. [cite_start]Sebaliknya, kolom ini dikosongkan jika fasilitas kredit atau pembiayaan yang dilaporkan tidak macet. [cite: 969, 970]
Kapan kolom "Kode Sebab Macet" diisi?|Kolom ini tidak dapat dikosongkan jika fasilitas kredit atau pembiayaan yang dilaporkan dinyatakan macet. [cite_start]Sebaliknya, kolom ini dikosongkan jika fasilitas kredit atau pembiayaan yang dilaporkan tidak macet. [cite: 974, 975]
[cite_start]Berapa panjang karakter untuk kolom "Nomor CIF Debitur" pada segmen Debitur Perseorangan?|Kolom "Nomor CIF Debitur" memiliki panjang karakter 20. [cite: 3192]
[cite_start]Apa tipe data untuk kolom "Tanggal Lahir" pada segmen Debitur Perseorangan?|Tipe data untuk kolom "Tanggal Lahir" adalah date. [cite: 3200]
Apa referensi karakter untuk kolom "Nama Sesuai Identitas" pada segmen Debitur Perseorangan?|Referensi karakter untuk kolom "Nama Sesuai Identitas" adalah spasi, huruf, dan tanda baca: - . [cite_start]‘. [cite: 3193]
[cite_start]Apa yang dimaksud dengan "Nilai Dalam Mata Uang Asal" pada segmen Fasilitas Kredit atau Pembiayaan?|Kolom ini diisi dengan nominal baki debet dari kredit atau pembiayaan dalam satuan penuh mata uang asal sesuai dengan perjanjian kredit atau pembiayaan. [cite: 954]
[cite_start]Kapan kolom "Nilai Dalam Mata Uang Asal" pada segmen Fasilitas Kredit atau Pembiayaan diisi?|Kolom ini tidak dapat dikosongkan untuk kredit atau pembiayaan dengan mata uang selain Rupiah dan dikosongkan jika fasilitas kredit atau pembiayaan dalam mata uang Rupiah. [cite: 957, 958]
[cite_start]Apa saja jenis operasi data yang digunakan dalam pelaporan per segmen?|Jenis operasi data yang digunakan adalah Create (C), Update (U), Delete (D), dan Not Change (N). [cite: 717, 718, 719, 720, 721, 722, 723, 724, 725]
[cite_start]Bagaimana Pelapor melakukan pengkinian Laporan Debitur jika dicabut izin usaha atau dilikuidasi?|Otoritas Jasa Keuangan dapat melakukan pengkinian Laporan Debitur berdasarkan permohonan tertulis antara lain dari pihak yang ditunjuk melakukan penyelesaian kewajiban Pelapor (misalnya Lembaga Penjamin Simpanan atau tim likuidasi) atau debitur dari Pelapor yang telah dicabut izin usaha dengan menyertakan dokumen pendukung. [cite: 246, 248, 250, 251, 252, 253]
[cite_start]Siapa saja pihak yang dapat meminta Informasi Debitur?|Pihak yang dapat meminta Informasi Debitur adalah Pelapor, Debitur, Lembaga Pengelola Informasi Perkreditan (LPIP), dan pihak lain. [cite: 283]
[cite_start]Apa saja penggunaan Informasi Debitur yang diperbolehkan bagi Pelapor?|Informasi Debitur yang diperoleh hanya dapat digunakan untuk mendukung kelancaran proses pemberian Fasilitas Penyediaan Dana, pertanggungan/pengelolaan risiko, penjaminan, atau LPBBTI; menerapkan manajemen risiko kredit atau pembiayaan dan/atau risiko asuransi atau penjaminan; mengidentifikasi kualitas Debitur dalam rangka pemenuhan ketentuan Otoritas Jasa Keuangan atau pihak lain yang berwenang; pengelolaan sumber daya manusia pada Pelapor; dan/atau verifikasi untuk kerja sama Pelapor dengan pihak ketiga. [cite: 309, 310, 311, 312, 313, 314, 315, 316, 317, 318, 319]
[cite_start]Bagaimana cara Debitur meminta Informasi Debitur kepada Otoritas Jasa Keuangan?|Permintaan Informasi Debitur dapat diajukan secara daring melalui sistem informasi Otoritas Jasa Keuangan oleh Debitur yang bersangkutan, atau permohonan secara tertulis yang disampaikan langsung oleh Debitur yang bersangkutan atau pihak yang diberi kuasa kepada kantor Otoritas Jasa Keuangan setempat. [cite: 387, 338, 389, 390, 391, 392, 393, 394]
[cite_start]Bagaimana pengawasan terhadap pelaksanaan SLIK dilakukan oleh Otoritas Jasa Keuangan?|Pengawasan terhadap pelaksanaan SLIK dilakukan oleh Otoritas Jasa Keuangan terhadap Pelapor baik secara langsung maupun tidak langsung. [cite: 445, 446]
[cite_start]Apa tujuan pemeriksaan langsung kepada Pelapor?|Pemeriksaan kepada Pelapor bertujuan untuk memastikan kepatuhan Pelapor terhadap Peraturan Otoritas Jasa Keuangan mengenai pelaporan dan permintaan informasi debitur melalui sistem layanan informasi keuangan dan peraturan pelaksanaannya yang meliputi sistem dan prosedur yang ada pada Pelapor, kebenaran Laporan Debitur yang disampaikan, dan/atau penggunaan Informasi Debitur. [cite: 452, 453, 454, 455, 456, 457]
[cite_start]Apa yang harus diberikan Pelapor dalam rangka pemeriksaan?|Dalam rangka pemeriksaan, Pelapor memberikan keterangan dan data yang terkait dengan pelaksanaan pelaporan dan permintaan Informasi Debitur melalui SLIK, kesempatan untuk melakukan pemeriksaan terhadap sarana fisik dan aplikasi pendukung, dan hal-hal lain yang diperlukan (misalnya salinan dokumen). [cite: 458, 459, 460, 461, 466]
[cite_start]Apa yang dilakukan Pelapor berdasarkan hasil pemeriksaan?|Berdasarkan hasil pemeriksaan, Pelapor melakukan langkah-langkah perbaikan dan/atau penyempurnaan atas hal-hal yang ditemukan dalam pemeriksaan serta melaporkan secara tertulis perbaikan dan/atau penyempurnaan. [cite: 467]
[cite_start]Bagaimana pengawasan tidak langsung dilakukan?|Pengawasan tidak langsung dilakukan melalui penelitian, analisis dan evaluasi terhadap Laporan Debitur dan/atau koreksi Laporan Debitur, dan data/informasi lain. [cite: 470, 471]
[cite_start]Di mana Pelapor dapat memperoleh informasi dan/atau pengumuman terkait pelaporan dan permintaan Informasi Debitur?|Otoritas Jasa Keuangan menyampaikan informasi dan/atau pengumuman terkait pelaporan dan permintaan Informasi Debitur melalui aplikasi SLIK. [cite: 476, 477]
Bagaimana cara melaporkan permasalahan yang berkaitan dengan laporan debitur, informasi debitur, dan aplikasi SLIK?|Permasalahan disampaikan kepada helpdesk Otoritas Jasa Keuangan melalui alamat surat elektronik helpdesk@ojk.go.id atau telepon 021-29600000 ext. [cite_start]7000. [cite: 478, 479]
[cite_start]Apa yang dimaksud dengan "Informasi Debitur"?|Informasi Debitur adalah informasi mengenai Debitur, Fasilitas Penyediaan Dana, pertanggungan/pengelolaan risiko, penjaminan, atau LPBBTI yang diterima Debitur, dan/atau informasi terkait lain yang disajikan berdasarkan Laporan Debitur yang diterima oleh Otoritas Jasa Keuangan dari Pelapor melalui aplikasi SLIK. [cite: 520, 1672]
[cite_start]Apa saja informasi yang harus ada pada Header Informasi Debitur?|Header Informasi Debitur berisi informasi mengenai Kode Referensi Pengguna, Nomor Laporan, Posisi Data Terakhir, Tanggal Permintaan, dan Kata Kunci Pencarian. [cite: 1713, 1714, 1715, 1716, 1717, 1718, 1719]
[cite_start]Apa saja informasi yang terdapat pada bagian Data Pokok Debitur untuk Debitur perseorangan?|Untuk Debitur perseorangan, bagian ini berisi informasi mengenai Nama Sesuai Identitas, Jenis Identitas, Nomor Identitas, Jenis Kelamin, Tempat Lahir, Tanggal Lahir, Alamat, Kelurahan, Kecamatan, Kabupaten atau Kota, Kode Pos, Negara, Pekerjaan, Tempat Bekerja, Bidang Usaha, Status Gelar Debitur, Pelapor, dan Tanggal Update. [cite: 1720, 1721, 1722, 1724, 1725, 1726, 1727, 1728, 1729, 1730, 1731, 1732, 1733, 1734, 1735, 1736]
[cite_start]Apa saja informasi yang terdapat pada bagian Data Pokok Debitur untuk Debitur badan usaha?|Untuk Debitur badan usaha, bagian ini berisi informasi mengenai Nama Debitur, Nomor Pokok Wajib Pajak (NPWP), Bentuk Badan Usaha, Go Public, Tempat Pendirian, Nomor Akta Pendirian, Tanggal Akta Pendirian, Nomor Akta Terakhir, Tanggal Akta Terakhir, Alamat, Kelurahan, Kecamatan, Kabupaten atau Kota, Kode Pos, Negara, Bidang Usaha, Peringkat, Tanggal Pemeringkatan, Lembaga Pemeringkat, Pelapor, dan Tanggal Update. [cite: 1737, 1738, 1739, 1740, 1741, 1742, 1743, 1744, 1745, 1746, 1747, 1748, 1749, 1750, 1751, 1752, 1753, 1754, 1755, 1756]
[cite_start]Apa saja informasi yang terdapat pada bagian Ringkasan Fasilitas?|Bagian ini berisi informasi mengenai Total Plafon Efektif, Total Baki Debet, Kualitas Terburuk, dan Jumlah Pelapor. [cite: 1757, 1758, 1759, 1760, 1761]
[cite_start]Apa saja informasi yang terdapat pada bagian Kredit atau Pembiayaan?|Bagian ini berisi informasi mengenai Nomor Rekening, Sifat Kredit atau Pembiayaan, Jenis Kredit atau Pembiayaan, Akad Kredit atau Akad Pembiayaan, Frekuensi Perpanjangan Fasilitas Kredit atau Pembiayaan, Nomor Akad Awal, Tanggal Akad Awal, Nomor Akad Akhir, Tanggal Akad Akhir, Tanggal Awal Kredit atau Pembiayaan, Tanggal Mulai, Tanggal Jatuh Tempo, Kategori Debitur, Jenis Penggunaan, Sektor Ekonomi, Kredit atau Pembiayaan Program Pemerintah, Kabupaten atau Kota Lokasi Proyek atau Penggunaan Kredit atau Pembiayaan, Valuta, Suku Bunga atau Imbalan, Kualitas, Jumlah Hari Tunggakan, Nilai Proyek, Plafon Awal, Plafon, Realisasi atau Pencairan Bulan Berjalan, Nilai dalam Mata Uang Asal, Sebab Macet, Tanggal Macet, Tunggakan Pokok, Tunggakan Bunga atau Imbalan, Frekuensi Tunggakan, Denda, Frekuensi Restrukturisasi, Tanggal Restrukturisasi Akhir, Cara Restrukturisasi, Kondisi, Tanggal Kondisi, Jenis Suku Bunga atau Imbalan, Keterangan, Kualitas selama 24 bulan terakhir, Jumlah hari tunggakan selama 24 bulan terakhir, Pelapor, Kantor Cabang Pelapor, dan Tanggal Update. [cite: 1762, 1763, 1764, 1765, 1766, 1767, 1768, 1769, 1770, 1771, 1772, 1773, 1774, 1775, 1776, 1777, 1778, 1779, 1780, 1781, 1782, 1783, 1784, 1785, 1786, 1787, 1788, 1789, 1790, 1791, 1792, 1793, 1794, 1795,1 796, 1797, 1798, 1799, 1800, 1801, 1802, 1803, 1804, 1805, 1806]
[cite_start]Apa saja informasi yang terdapat pada bagian Surat Berharga?|Bagian ini berisi informasi mengenai Nomor Surat Berharga, Jenis Surat Berharga, Sovereign Rate, Listing, Peringkat Surat Berharga, Tujuan Kepemilikan, Tanggal Terbit, Tanggal Jatuh Tempo, Suku Bunga atau Imbalan, Valuta, Kualitas, Jumlah Hari Tunggakan, Nilai dalam Mata Uang Asal, Nilai Pasar, Nilai Perolehan, Nominal, Tunggakan, Tanggal Macet, Sebab Macet, Kondisi, Tanggal Kondisi, Keterangan, Kualitas selama 24 bulan terakhir, Jumlah hari tunggakan selama 24 bulan terakhir, Pelapor, Kantor Cabang Pelapor, dan Tanggal Update. [cite: 1807, 1808, 1809, 1810,1 811, 1812, 1813, 1814, 1815, 1816, 1817, 1818, 1819, 1820, 1821, 1822, 1823, 1824, 1825, 1826, 1827, 1828, 1829, 1830, 1831, 1832, 1833]
[cite_start]Apa saja informasi yang terdapat pada bagian Irrevocable L/C?|Bagian ini berisi informasi mengenai Nomor L/C, Jenis L/C, Tanggal Keluar, Tanggal Jatuh Tempo, Nomor Akad Awal, Tanggal Akad Awal, Nomor Akad Akhir, Tanggal Akad Akhir, Bank Beneficiary, Kualitas, Valuta, Plafon, Nominal, Setoran Jaminan, Tujuan L/C, Tanggal Wanprestasi, Kondisi, Tanggal Kondisi, Keterangan, Kualitas selama 24 bulan terakhir, Pelapor, Kantor Cabang Pelapor, dan Tanggal Update. [cite: 1834, 1835, 1836, 1837, 1838, 1839, 1840, 1841, 1842, 1843, 1844, 1845, 1846, 1847, 1848, 1849, 1850, 1851, 1852, 1853, 1854, 1855, 1856]
[cite_start]Apa saja informasi yang terdapat pada bagian Garansi yang Diberikan?|Bagian ini berisi informasi mengenai Nomor Rekening, Jenis Garansi yang Diberikan, Tanggal Diterbitkan, Tanggal Jatuh Tempo, Nomor Akad Awal, Tanggal Akad Awal, Nomor Akad Akhir, Tanggal Akad Akhir, Nama Penerima Jaminan/Obligee, Kualitas, Valuta, Plafon, Nominal, Setoran Jaminan, Tanggal Wanprestasi, Kondisi, Tanggal Kondisi, Keterangan, Kualitas selama 24 bulan terakhir, Pelapor, Kantor Cabang Pelapor, dan Tanggal Update. [cite: 1857, 1858, 1859, 1860, 1861, 1862, 1863, 1864, 1865, 1866, 1867, 1868, 1869, 1870, 1871, 1872, 1873, 1874, 1875, 1876, 1877, 1878, 1879]
[cite_start]Apa saja informasi yang terdapat pada bagian Fasilitas Lain?|Bagian ini berisi informasi mengenai Nomor Rekening, Jenis Fasilitas, Tanggal Mulai, Tanggal Jatuh Tempo, Valuta, Nominal, Nilai dalam Mata Uang Asal, Suku Bunga atau Imbalan, Kualitas, Jumlah Hari Tunggakan, Tanggal Macet, Sebab Macet, Tunggakan, Kondisi, Tanggal Kondisi, Keterangan, Kualitas selama 24 bulan terakhir, Jumlah hari tunggakan selama 24 bulan terakhir, Pelapor, Kantor Cabang Pelapor, dan Tanggal Update. [cite: 1880, 1881, 1882, 1883, 1884, 1885, 1886, 1887, 1888, 1889, 1890, 1891, 1892, 1893, 1894, 1895, 1896, 1897, 1898, 1899, 1900]
[cite_start]Apa saja informasi yang terdapat pada bagian Agunan?|Bagian ini berisi informasi mengenai Jenis Agunan, Nomor Agunan, Jenis Pengikatan, Tanggal Pengikatan, Nama Pemilik Agunan, Alamat Agunan, Kabupaten atau Kota Lokasi Agunan, Nilai Agunan, Tanggal Penilaian, Peringkat Agunan, Lembaga Pemeringkat, Bukti Kepemilikan, Paripasu, Nilai Agunan (NJOP atau Nilai Wajar), Nilai Agunan Menurut Penilai Independen, Nama Penilai Independen, Tanggal Penilaian Menurut Penilai Independen, Asuransi, Keterangan, dan Tanggal Update. [cite: 1901, 1902, 1903, 1904, 1905, 1906, 1907, 1908, 1909, 1910, 1911, 1912, 1913, 1914, 1915, 1916, 1917, 1918, 1919, 1920]
[cite_start]Apa saja informasi yang terdapat pada bagian Penjamin?|Bagian ini berisi informasi mengenai Nama Penjamin, Nomor Identitas Penjamin, Golongan Penjamin, Alamat Penjamin, Keterangan, dan Tanggal Update. [cite: 1921, 1922, 1923, 1924, 1925, 1926]
[cite_start]Apa saja informasi yang terdapat pada bagian Pengurus dan/atau Pemilik Debitur Badan Usaha?|Bagian ini berisi informasi mengenai Nama, Nomor Identitas, Jenis Kelamin, Alamat, Kelurahan, Kecamatan, Kabupaten atau Kota, Jabatan, Status, Pangsa kepemilikan, Pelapor, dan Tanggal Update. [cite: 1927, 1928, 1929, 1930, 1931, 1932, 1933, 1934, 1935, 1936, 1937]
[cite_start]Apa yang dimaksud dengan "Agunan Paripasu"?|Agunan paripasu adalah agunan yang digunakan untuk menjamin lebih dari 1 (satu) fasilitas. [cite: 2066]
[cite_start]Bagaimana Pelaporan Nihil dilakukan?|Pelapor tetap menyampaikan Laporan Debitur dengan menyampaikan laporan nihil yaitu menyiapkan seluruh segmen data yang memuat header laporan tanpa data detail. [cite: 2073]
[cite_start]Apa kode untuk sektor ekonomi "PERTANIAN TANAMAN, PETERNAKAN, PERBURUAN DAN KEGIATAN YBDI"?|Kode untuk sektor ekonomi "PERTANIAN TANAMAN, PETERNAKAN, PERBURUAN DAN KEGIATAN YBDI" adalah A.01. [cite: 2083]
[cite_start]Apa kode untuk sektor ekonomi "PERTAMBANGAN BATU BARA DAN LIGNIT"?|Kode untuk sektor ekonomi "PERTAMBANGAN BATU BARA DAN LIGNIT" adalah B.05. [cite: 2219]
[cite_start]Apa kode untuk sektor ekonomi "INDUSTRI MAKANAN"?|Kode untuk sektor ekonomi "INDUSTRI MAKANAN" adalah C.10. [cite: 2287]
[cite_start]Apa kode untuk sektor ekonomi "KONSTRUKSI GEDUNG"?|Kode untuk sektor ekonomi "KONSTRUKSI GEDUNG" adalah F.41. [cite: 2577]
[cite_start]Apa kode untuk negara Indonesia?|Kode negara Indonesia adalah ID. [cite: 3008]
[cite_start]Apa kode untuk mata uang Rupiah?|Kode mata uang Rupiah adalah IDR. [cite: 3011]
[cite_start]Apa kode untuk mata uang US Dollar?|Kode mata uang US Dollar adalah USD. [cite: 3026]
[cite_start]Apa kode untuk "Pemerintah Pusat" dalam golongan pihak ketiga?|Kode untuk "Pemerintah Pusat" adalah S131101L. [cite: 3029]
[cite_start]Apa kode untuk "BUMN" dalam golongan pihak ketiga?|Kode untuk "BUMN" adalah S110011L. [cite: 3031]
[cite_start]Apa kode untuk "Koperasi Primer" dalam golongan pihak ketiga?|Kode untuk "Koperasi Primer" adalah S11002501L. [cite: 3032]
[cite_start]Apa kode untuk "Perusahaan Pembiayaan" dalam golongan pihak ketiga?|Kode untuk "Perusahaan Pembiayaan" adalah S12501151L (BUMN) atau S12502051L (Swasta Nasional) atau S12503051L (Swasta Pengendalian Asing). [cite: 3034, 3035, 3036]
[cite_start]Siapa yang menandatangani permohonan pengunduran diri sebagai Pelapor?|Pejabat yang menandatangani surat adalah direksi LJK atau pimpinan/pengurus instansi lembaga lain bukan LJK atau pejabat yang diberi kuasa oleh direksi LJK atau pimpinan/pengurus instansi lembaga lain bukan LJK. [cite: 3299]
[cite_start]Kepada siapa permohonan pengunduran diri sebagai Pelapor ditujukan?|Permohonan ditujukan kepada Departemen Pengelolaan Data dan Statistik. [cite: 3290]
[cite_start]Apa alasan pengunduran diri sebagai Pelapor yang perlu disampaikan?|Alasan pengunduran diri dapat mencakup beberapa poin. [cite: 3292]
[cite_start]Apa saja pernyataan yang harus dibuat sehubungan dengan pengajuan permohonan pengunduran diri sebagai Pelapor?|Pelapor menyatakan akan melakukan penyelesaian kewajiban sebagai Pelapor dalam hal terdapat sanksi administratif berupa denda dan penyelesaian pelaporan; bertanggung jawab terhadap Informasi Debitur SLIK; tidak menyalahgunakan Informasi Debitur yang diperoleh SLIK; dan tunduk kepada ketentuan peraturan perundang-undangan mengenai pelindungan data pribadi dan POJK mengenai pelindungan konsumen dan masyarakat di sektor jasa keuangan. [cite: 3293, 3294, 3295, 3296]
[cite_start]Siapa yang menandatangani permohonan hak akses Administrator SLIK?|Pejabat yang menandatangani surat adalah direksi LJK atau pimpinan/pengurus instansi lembaga lain bukan LJK atau pejabat yang diberi kuasa oleh direksi LJK atau pimpinan/pengurus instansi lembaga lain bukan LJK. [cite: 3313]
[cite_start]Apa saja fungsi yang dicakup oleh pegawai pelaksana dan/atau pejabat yang ditunjuk sebagai Administrator SLIK Web?|Pegawai pelaksana dan/atau pejabat yang ditunjuk akan menunjuk dan mengelola akses pegawai pelaksana dan/atau pejabat yang mencakup fungsi untuk menyampaikan Laporan Debitur; melakukan verifikasi Laporan Debitur; mengajukan permintaan dan menerima Informasi Debitur; menangani pengaduan Debitur; melakukan pengamanan data Informasi Debitur; dan melakukan supervisi terhadap permintaan Informasi Debitur. [cite: 3309, 3310, 3321, 3322]
[cite_start]Bagaimana Pelapor menyampaikan dokumen permohonan hak akses Administrator SLIK?|Dokumen dapat disampaikan terlebih dahulu melalui surat elektronik kepada OJK melalui alamat mailingroommrp@ojk.go.id. [cite: 3314]
[cite_start]Bagaimana status "Aktif" didefinisikan untuk petugas di SLIK?|Status "Aktif" adalah bagi petugas yang masih aktif atau petugas baru di SLIK. [cite: 3328]
[cite_start]Bagaimana status "Tidak Aktif" didefinisikan untuk petugas di SLIK?|Status "Tidak Aktif" adalah bagi petugas yang telah dihapus dari SLIK. [cite: 3329]
[cite_start]Siapa yang menandatangani surat permohonan perubahan hak akses Host to Host SLIK?|Pejabat yang menandatangani surat adalah direksi LJK atau pimpinan/pengurus instansi lembaga lain bukan LJK atau pejabat yang diberi kuasa oleh direksi LJK atau pimpinan/pengurus instansi lembaga lain bukan LJK. [cite: 3390]
[cite_start]Apa saja dokumen pendukung yang harus dilampirkan dalam permohonan permintaan Informasi Debitur SLIK secara host to host?|Dokumen pendukung meliputi jumlah permintaan Informasi Debitur selama 12 (dua belas) bulan terakhir; rencana bisnis dan tujuan permintaan Informasi Debitur secara host to host; arsitektur host to host, aplikasi terkait, dan spesifikasi perangkat yang digunakan; dan dokumen tata kelola permintaan Informasi Debitur secara host to host (antara lain: struktur organisasi, standar prosedur operasional, dan pengamanan data). [cite: 3381, 3382, 3383, 3384]
[cite_start]Bagaimana Pelapor menyampaikan dokumen permohonan perubahan hak akses Host to Host SLIK?|Dokumen dapat disampaikan terlebih dahulu melalui surat elektronik kepada OJK melalui alamat mailingroommrp@ojk.go.id. [cite: 3402]
[cite_start]Apa yang dimaksud dengan "Mandatory (M)" dalam tabel struktur data?|Mandatory (M) berarti kolom data tersebut harus diisi dan tidak dapat dikosongkan. [cite: 3286]
[cite_start]Apa yang dimaksud dengan "Conditional (C)" dalam tabel struktur data?|Conditional (C) berarti pengisian kolom data tersebut tergantung pada kondisi atau persyaratan tertentu yang ditetapkan. [cite: 3286]
[cite_start]Apa yang dimaksud dengan "Optional (O)" dalam tabel struktur data?|Optional (O) berarti pengisian kolom data tersebut tidak wajib diisi. [cite: 3286]
[cite_start]Berapa panjang karakter untuk kolom "Nomor Identitas" pada segmen Debitur Perseorangan?|Kolom "Nomor Identitas" memiliki panjang karakter 25. [cite: 3192]
[cite_start]Apa referensi karakter untuk kolom "Alamat" pada segmen Debitur Perseorangan?|Referensi karakter untuk kolom "Alamat" adalah spasi, huruf, angka, dan tanda baca: & , ( ) - ' / . [cite: 3196]
[cite_start]Berapa panjang karakter untuk kolom "Nomor Telepon" pada segmen Debitur Perseorangan?|Kolom "Nomor Telepon" memiliki panjang karakter 15. [cite: 3196]
[cite_start]Berapa panjang karakter untuk kolom "Penghasilan Kotor Per Tahun" pada segmen Debitur Perseorangan?|Kolom "Penghasilan Kotor Per Tahun" memiliki panjang karakter 12. [cite: 3201]
Apa referensi karakter untuk kolom "Nama Sesuai Identitas" pada segmen Debitur Badan Usaha?|Referensi karakter untuk kolom "Nama Sesuai Identitas" adalah spasi, huruf, angka, dan tanda baca: ( ) - ' . [cite_start], & @ _ ‘ ”. [cite: 3205]
[cite_start]Berapa panjang karakter untuk kolom "Nomor Akta Pendirian" pada segmen Debitur Badan Usaha?|Kolom "Nomor Akta Pendirian" memiliki panjang karakter 30. [cite: 3207]
[cite_start]Berapa panjang karakter untuk kolom "Peringkat atau Rating Debitur" pada segmen Debitur Badan Usaha?|Kolom "Peringkat atau Rating Debitur" memiliki panjang karakter 6. [cite: 3210]
[cite_start]Apa referensi karakter untuk kolom "Keterangan" pada segmen Fasilitas Kredit atau Pembiayaan?|Referensi karakter untuk kolom "Keterangan" adalah spasi, huruf, angka, dan tanda baca: @ # $ % ^ & * ( ) { } [ ] < > ~ _ - ` ' " . , : ; / ? ! [cite: 3222]
[cite_start]Berapa panjang karakter untuk kolom "Nomor Rekening atau Nomor Surat Berharga" pada segmen Fasilitas Surat Berharga?|Kolom "Nomor Rekening atau Nomor Surat Berharga" memiliki panjang karakter 25. [cite: 3236]
[cite_start]Berapa panjang karakter untuk kolom "Nominal" pada segmen Fasilitas Surat Berharga?|Kolom "Nominal" memiliki panjang karakter 15. [cite: 3238]
[cite_start]Berapa panjang karakter untuk kolom "Nomor Akad Awal" pada segmen Fasilitas Irrevocable L/C?|Kolom "Nomor Akad Awal" memiliki panjang karakter 50. [cite: 3243]
[cite_start]Berapa panjang karakter untuk kolom "Nama Penerima Jaminan/Obligee" pada segmen Fasilitas Garansi yang Diberikan?|Kolom "Nama Penerima Jaminan/Obligee" memiliki panjang karakter 150. [cite: 3252]
[cite_start]Berapa panjang karakter untuk kolom "Plafon" pada segmen Fasilitas Garansi yang Diberikan?|Kolom "Plafon" memiliki panjang karakter 15. [cite: 3252]
[cite_start]Berapa panjang karakter untuk kolom "Nomor Rekening Fasilitas" pada segmen Fasilitas Lain?|Kolom "Nomor Rekening Fasilitas" memiliki panjang karakter 25. [cite: 3254]
[cite_start]Berapa panjang karakter untuk kolom "Tunggakan" pada segmen Fasilitas Lain?|Kolom "Tunggakan" memiliki panjang karakter 15. [cite: 3256]
[cite_start]Berapa panjang karakter untuk kolom "Kode Register atau Nomor Agunan" pada segmen Agunan?|Kolom "Kode Register atau Nomor Agunan" memiliki panjang karakter 30. [cite: 3258]
[cite_start]Berapa panjang karakter untuk kolom "Nama Pemilik Agunan" pada segmen Agunan?|Kolom "Nama Pemilik Agunan" memiliki panjang karakter 150. [cite: 3261]
[cite_start]Berapa panjang karakter untuk kolom "Persentase Paripasu" pada segmen Agunan?|Kolom "Persentase Paripasu" memiliki panjang karakter 6. [cite: 3264]
[cite_start]Berapa panjang karakter untuk kolom "Nomor Identitas Penjamin" pada segmen Penjamin?|Kolom "Nomor Identitas Penjamin" memiliki panjang karakter 25. [cite: 3267]
[cite_start]Berapa panjang karakter untuk kolom "Alamat Penjamin" pada segmen Penjamin?|Kolom "Alamat Penjamin" memiliki panjang karakter 300. [cite: 3271]
[cite_start]Berapa panjang karakter untuk kolom "Pangsa Kepemilikan" pada segmen Pengurus dan/atau Pemilik Debitur Badan Usaha?|Kolom "Pangsa Kepemilikan" memiliki panjang karakter 5. [cite: 3279]
[cite_start]Berapa panjang karakter untuk kolom "Aset" pada segmen Laporan Keuangan Debitur Badan Usaha?|Kolom "Aset" memiliki panjang karakter 20. [cite: 3281]
[cite_start]Berapa panjang karakter untuk kolom "Laba atau Rugi Tahun Berjalan" pada segmen Laporan Keuangan Debitur Badan Usaha?|Kolom "Laba atau Rugi Tahun Berjalan" memiliki panjang karakter 20. [cite: 3286]
[cite_start]Apa definisi "Aset Lancar" dalam laporan keuangan Debitur Badan Usaha?|Aset lancar adalah aset yang diperkirakan akan direalisasikan dalam waktu kurang dari 12 (dua belas) bulan setelah periode pelaporan atau dalam siklus operasi normal perusahaan. [cite: 1566]
[cite_start]Apa definisi "Setara Kas" dalam laporan keuangan Debitur Badan Usaha?|Setara kas adalah investasi yang sifatnya sangat likuid, berjangka pendek, dan yang dengan cepat dapat dijadikan kas dalam jumlah tertentu tanpa menghadapi risiko perubahan nilai yang signifikan. [cite: 1571]
[cite_start]Apa definisi "Aset Tidak Lancar" dalam laporan keuangan Debitur Badan Usaha?|Aset tidak lancar adalah aset yang direalisasikan dalam waktu lebih dari 12 (dua belas) bulan setelah periode pelaporan atau lebih dari siklus operasi normal perusahaan. [cite: 1591]
[cite_start]Apa definisi "Liabilitas Jangka Pendek" dalam laporan keuangan Debitur Badan Usaha?|Liabilitas jangka pendek adalah liabilitas yang diperkirakan akan diselesaikan kurang dari 12 (dua belas) bulan setelah periode pelaporan atau dalam siklus operasi normal perusahaan. [cite: 1609]
[cite_start]Apa definisi "Liabilitas Jangka Panjang" dalam laporan keuangan Debitur Badan Usaha?|Liabilitas jangka panjang adalah liabilitas yang diperkirakan akan diselesaikan lebih dari 12 (dua belas) bulan setelah periode pelaporan atau lebih dari siklus operasi normal perusahaan. [cite: 1627]
Apa saja jenis usaha yang termasuk dalam kategori "PERTANIAN, KEHUTANAN DAN PERIKANAN"?|Kategori ini mencakup semua kegiatan ekonomi/lapangan usaha, yang meliputi pertanian tanaman pangan, perkebunan, hortikultura, peternakan, pemanenan hasil hutan serta penangkapan dan budidaya ikan/biota air. [cite_start]Kategori ini juga mencakup jasa penunjang masing-masing kegiatan ekonomi tersebut. [cite: 2082]
Apa saja jenis usaha yang termasuk dalam kategori "PERTAMBANGAN DAN PENGGALIAN"?|Kategori ini mencakup kegiatan ekonomi/lapangan usaha pengambilan mineral dalam bentuk alami, yaitu padat (batu bara dan bijih logam), cair (minyak bumi) atau gas (gas alam). Kegiatan ini dapat dilakukan dengan metode yang berbeda seperti penambangan dan penggalian di permukaan tanah atau dibawah tanah, pengoperasian sumur pertambangan, penambangan di dasar laut dan lain-lain. [cite_start]Kategori ini juga mencakup kegiatan tambahan untuk penyiapan barang tambang dan galian mentah untuk dipasarkan seperti pemecahan, pengasahan, pembersihan, pengeringan, sortasi, pemurnian bijih logam, pencairan gas alam dan aglomerasi bahan bakar padat. [cite: 2217, 2218]
Apa saja jenis usaha yang termasuk dalam kategori "INDUSTRI PENGOLAHAN"?|Meliputi kegiatan ekonomi/lapangan usaha di bidang perubahan secara kimia atau fisik dari bahan, unsur atau komponen menjadi produk baru. Bahan baku industri pengolahan berasal dari produk pertanian, kehutanan, perikanan, pertambangan atau penggalian seperti produk dari kegiatan industri pengolahan lainnya. Perubahan, pembaharuan atau rekonstruksi yang pokok dari barang secara umum diperlakukan sebagai industri pengolahan. Unit industri pengolahan digambarkan sebagai pabrik, mesin atau peralatan yang khusus digerakkan dengan mesin dan tangan. [cite_start]Termasuk kategori industri pengolahan di sini adalah unit yang mengubah bahan menjadi produk baru dengan menggunakan tangan, kegiatan maklon atau kegiatan penjualan produk yang dibuat di tempat yang sama di mana produk tersebut dijual dan unit yang melakukan pengolahan bahan-bahan dari pihak lain atas dasar kontrak. [cite: 2283, 2284, 2285, 2286, 2287]
[cite_start]Apa saja jenis usaha yang termasuk dalam kategori "PENGADAAN LISTRIK, GAS, UAP/AIR PANAS DAN UDARA DINGIN"?|Kategori ini mencakup penyediaan listrik, gas, uap/air panas, dan udara dingin. [cite: 2555]
Apa saja jenis usaha yang termasuk dalam kategori "PENGELOLAAN AIR,  PENGELOLAAN AIR LIMBAH, PENGELOLAAN DAN DAUR ULANG SAMPAH, DAN AKTIVITAS REMEDIASI"?|Kategori ini mencakup kegiatan ekonomi/lapangan usaha yang berhubungan dengan pengelolaan air. Kategori ini juga mencakup pengelolaan berbagai bentuk limbah/sampah, seperti limbah/sampah padat atau bukan yang berasal dari rumah tangga dan industri, yang dapat mencemari lingkungan. [cite_start]Hasil dari proses pengolahan limbah/sampah dapat dibuang atau menjadi input dalam proses produksi lainnya. [cite: 2561, 2562, 2563, 2564]
Apa saja jenis usaha yang termasuk dalam kategori "KONSTRUKSI"?|Kategori ini mencakup kegiatan ekonomi/lapangan usaha di bidang konstruksi, yaitu kegiatan konstruksi umum dan konstruksi khusus pekerjaan bangunan gedung dan bangunan sipil. [cite_start]Kegiatan konstruksi mencakup pekerjaan baru, perbaikan, penambahan dan perubahan, pendirian bangunan atau struktur prafabrikasi di lokasi proyek dan juga konstruksi yang bersifat sementara. [cite: 2566, 2567, 2568]
[cite_start]Apa saja jenis usaha yang termasuk dalam kategori "PERDAGANGAN BESAR DAN ECERAN; REPARASI DAN PERAWATAN MOBIL DAN SEPEDA MOTOR"?|Kategori ini mencakup perdagangan besar dan eceran; reparasi dan perawatan mobil dan sepeda motor. [cite: 2597]
Apa saja jenis usaha yang termasuk dalam kategori "PENGANGKUTAN DAN PERGUDANGAN"?|Mencakup penyediaan angkutan penumpang atau barang, baik yang berjadwal maupun tidak, dengan menggunakan jalan rel, saluran pipa, darat, perairan atau udara dan kegiatan yang berhubungan dengan itu seperti fasilitas terminal dan parkir, penanganan kargo/ bongkar muat barang, pergudangan dan lain-lain. [cite_start]Termasuk dalam kategori ini penyewaan alat angkutan dengan pengemudi atau operator, juga kegiatan pos dan kurir. [cite: 2722, 2723]
Apa saja jenis usaha yang termasuk dalam kategori "PENYEDIAAN AKOMODASI DAN PENYEDIAAN MAKAN MINUM"?|Mencakup penyediaan akomodasi jangka pendek untuk pengunjung dan pelancong lainnya. Termasuk penyediaan akomodasi yang lebih lama untuk pelajar, pekerja dan sejenisnya. [cite_start]Penyediaan akomodasi dapat hanya menyediakan fasilitas akomodasi saja atau fasilitas akomodasi dan fasilitas makanan dan minuman, atau fasilitas akomodasi, makanan dan minuman dan/atau fasilitas rekreasi. [cite: 2760, 2761, 2762]
[cite_start]Apa saja jenis usaha yang termasuk dalam kategori "INFORMASI DAN KOMUNIKASI"?|Mencakup produksi dan distribusi informasi dan produk kebudayaan, penyediaan sarana untuk mengirimkan atau mendistribusikan produk-produk tersebut, dan juga data atau kegiatan komunikasi, teknologi informasi dan pengolahan data serta kegiatan jasa informasi lainnya. [cite: 2771]
[cite_start]Apa saja jenis usaha yang termasuk dalam kategori "AKTIVITAS KEUANGAN DAN ASURANSI"?|Kategori ini mencakup aktivitas jasa keuangan, bukan asuransi dan dana pensiun, serta asuransi, reasuransi dan dana pensiun, bukan jaminan sosial wajib, dan aktivitas penunjang jasa keuangan, asuransi dan dana pensiun. [cite: 2817, 2824, 2827]
Apa saja jenis usaha yang termasuk dalam kategori "REAL ESTATE"?|Mencakup kegiatan orang yang menyewakan, agen dan/atau broker/perantara dalam penjualan atau pembelian real estat, penyewaan real estat dan penyediaan jasa real estat lainnya, seperti jasa penaksir real estat atau bertindak sebagai agen pemegang wasiat real estat. Kegiatan dalam kategori ini bisa dilakukan atas milik sendiri atau milik orang lain yang disewa dan bisa dilakukan atas dasar balas jasa atau kontrak. Termasuk kegiatan pembangunan gedung, yang disatukan dengan pemeliharaan atau penyewaan bangunan tersebut. Kategori ini mencakup pengelola bangunan real estat. [cite_start]Real estat adalah properti berupa tanah dan bangunan. [cite: 2836, 2837, 2838]
[cite_start]Apa saja jenis usaha yang termasuk dalam kategori "AKTIVITAS PROFESIONAL, ILMIAH DAN TEKNIS"?|Mencakup khususnya kegiatan profesional, ilmu pengetahuan dan teknik, kegiatan ini membutuhkan suatu tingkat pelatihan yang tinggi dan menghasilkan ilmu pengetahuan dan ketrampilan khusus yang tersedia untuk pengguna. [cite: 2853]
Apa saja jenis usaha yang termasuk dalam kategori "AKTIVITAS PENYEWAAN DAN SEWA GUNA USAHA TANPA HAK OPSI, KETENAGAKERJAAN, AGEN PERJALANAN DAN PENUNJANG USAHA LAINNYA"?|Mencakup berbagai macam kegiatan yang mendukung operasional usaha atau bisnis secara umum. [cite_start]Kegiatan ini berbeda dari kegiatan yang termasuk dalam kategori M, karena tujuan utamanya bukanlah transfer ilmu pengetahuan khusus. [cite: 2874]
[cite_start]Apa saja jenis usaha yang termasuk dalam kategori "ADMINISTRASI PEMERINTAHAN, PERTAHANAN DAN JAMINAN SOSIAL WAJIB"?|Mencakup kegiatan yang termasuk dalam administrasi pemerintahan, kebijakan ekonomi dan sosial,  hubungan luar negeri, pertahanan dan keamanan negara dan jaminan sosial wajib. [cite: 2902]
Apa saja jenis usaha yang termasuk dalam kategori "PENDIDIKAN"?|Mencakup kegiatan pendidikan pada berbagai tingkatan dan untuk berbagai pekerjaan, program literasi dan lain-lain. Juga mencakup akademi dan sekolah militer, sekolah penjara dan lain-lain sesuai dengan tingkatan masing masing. Untuk setiap tingkat pendidikan pertama, kelompok ini mencakup pendidikan khusus termasuk siswa cacat baik mental atau fisik. Kategori ini mencakup pendidikan negeri dan swasta juga mencakup pengajaran yang terutama mengenai kegiatan olahraga dan hiburan dan kegiatan penunjang pendidikan. [cite_start]Pendidikan dapat disediakan dalam ruangan, melalui penyiaran radio dan televisi, internet dan surat menyurat. [cite: 2910, 2911, 2912, 2913, 2914]
Apa saja jenis usaha yang termasuk dalam kategori "AKTIVITAS KESEHATAN MANUSIA DAN AKTIVITAS SOSIAL"?|Mencakup kegiatan penyediaan jasa kesehatan dan aktivitas sosial. [cite_start]Kegiatan yang termasuk cukup luas cakupannya, dimulai dari pelayanan kesehatan yang diberikan oleh tenaga profesional terlatih di rumah sakit dan fasilitas kesehatan lain, sampai kegiatan perawatan di rumah yang melibatkan tingkatan kegiatan pelayanan kesehatan sampai kegiatan sosial yang tidak melibatkan tenaga kesehatan profesional. [cite: 2920, 2921]
[cite_start]Apa saja jenis usaha yang termasuk dalam kategori "KESENIAN, HIBURAN DAN REKREASI"?|Mencakup kegiatan yang cukup luas untuk memenuhi kebutuhan kesenian/kebudayaan, hiburan dan rekreasi masyarakat umum, termasuk pertunjukan langsung, pengoperasian tempat bersejarah, olahraga dan rekreasi. [cite: 2938]
[cite_start]Apa saja jenis usaha yang termasuk dalam kategori "AKTIVITAS JASA LAINNYA"?|Mencakup kegiatan dari keanggotaan organisasi, reparasi komputer dan barang-barang rumah tangga dan barang pribadi, berbagai kegiatan jasa perorangan yang tidak dicakup di tempat lain dalam klasifikasi ini. [cite: 2949]
[cite_start]Apa saja jenis usaha yang termasuk dalam kategori "AKTIVITAS RUMAH TANGGA SEBAGAI PEMBERI KERJA; AKTIVITAS YANG MENGHASILKAN BARANG DAN JASA OLEH RUMAH TANGGA YANG DIGUNAKAN UNTUK MEMENUHI KEBUTUHAN SENDIRI"?|Mencakup kegiatan rumah tangga yang memanfaatkan jasa perorangan dalam rumah tangga, seperti asisten rumah tangga,  tukang kebun dan lain sebagainya yang menyediakan jasa untuk melayani rumah tangga dan anggota rumah tangga. [cite: 2960, 2961]
Apa saja jenis usaha yang termasuk dalam kategori "AKTIVITAS BADAN INTERNASIONAL DAN BADAN EKSTRA INTERNASIONAL LAINNYA"?|Mencakup kegiatan Badan Internasional, seperti Perserikatan Bangsa-Bangsa dan perwakilan Perserikatan Bangsa-Bangsa, Badan Regional dan lain-lain, termasuk The International Monetary Fund, The World Bank, The World Customs Organization (WHO), the Organization for Economic Co-operation and Development (OECD), the Organization of Petroleum Exporting Countries (OPEC), the European Communities, the European Free Trade Association dan lain-lain. [cite_start]Golongan pokok ini mencakup kegiatan perwakilan diplomatik dan konsulat (Kedutaan Besar) yang ditentukan oleh negara dimana berada daripada negara yang diwakilinya. [cite: 2962, 2963, 2964]
[cite_start]Apa saja jenis usaha yang termasuk dalam kategori "RUMAH TANGGA"?|Kategori ini mencakup rumah tangga untuk kepemilikan perumahan, kendaraan bermotor, peralatan rumah tangga lainnya, dan keperluan yang tidak diklasifikasikan di tempat lain. [cite: 2965, 2967, 2981, 2985]
[cite_start]Apa saja jenis usaha yang termasuk dalam kategori "BUKAN LAPANGAN USAHA LAINNYA"?|Kategori ini mencakup bukan lapangan usaha lainnya. [cite: 2996]
[cite_start]Bagaimana Pelapor melakukan penggabungan pelaporan fasilitas dengan perbedaan kualitas?|Untuk transaksi dengan pola penggabungan pelaporan, kolom kualitas diisi dengan kualitas kredit terburuk. [cite: 2009]
[cite_start]Apa saja kriteria penggabungan pelaporan transaksi?|Penggabungan pelaporan dapat dilakukan sepanjang memenuhi kriteria yakni merupakan transaksi atas debitur yang sama, jenis kredit/pembiayaan yang sama, jenis penggunaan yang sama, dan kode kondisi yang sama (kecuali kode kondisi 02/lunas) dilaporkan dalam 1 (satu) rekening yang sama. [cite: 2007]
[cite_start]Apa yang dimaksud dengan "Giro Bersaldo Debet"?|Giro Bersaldo Debet merupakan fasilitas yang diberikan kepada nasabah sehingga memungkinkan dilakukannya penarikan yang melebihi dana yang tersedia pada akun giro nasabah bersangkutan. [cite: 1998]
[cite_start]Apa yang dimaksud dengan "Akad Awal" dalam konteks Fasilitas Irrevocable L/C?|Akad awal adalah akad pertama fasilitas L/C. [cite: 1161]
[cite_start]Apa yang dimaksud dengan "Akad Akhir" dalam konteks Fasilitas Irrevocable L/C?|Akad akhir adalah akad terbaru fasilitas L/C. [cite: 1166]
[cite_start]Apa yang dimaksud dengan "Bank Beneficiary" dalam konteks Fasilitas Irrevocable L/C?|Bank beneficiary adalah bank yang disebut dalam warkat L/C sebagai pihak yang menerima pembayaran. [cite: 1173]
[cite_start]Apa yang dimaksud dengan "Tanggal Wanprestasi" dalam konteks Fasilitas Irrevocable L/C?|Tanggal wanprestasi adalah tanggal wanprestasi jika terjadi wanprestasi terhadap fasilitas L/C yang dilaporkan. [cite: 1188]
[cite_start]Apa yang dimaksud dengan "Suretyship"?|Suretyship adalah jaminan yang diberikan oleh Perusahaan Asuransi, Perusahaan Asuransi Syariah, Perusahaan Penjaminan, dan/atau Perusahaan Penjaminan Syariah kepada tertanggung dan/atau terjamin. [cite: 2041, 2042]
[cite_start]Apa yang dimaksud dengan "Bai Al Musawamah pada Transaksi Salam"?|Fasilitas Bai Al Musawamah diberikan oleh Bank Umum Syariah/Unit Usaha Syariah/BPRS kepada nasabah pembeli (buyer) atas barang yang sebelumnya diperoleh Bank Umum Syariah/Unit Usaha Syariah/BPRS dari produsen (supplier) dengan menggunakan akad salam pada transaksi supply chain. [cite: 2047]
[cite_start]Bagaimana pelaporan tagihan subrogasi atas Asuransi/Penjaminan Kredit?|Perusahaan Asuransi, Perusahaan Asuransi Syariah, Perusahaan Penjaminan, dan/atau Perusahaan Penjaminan Syariah melaporkan tagihan subrogasi tertanggung dan/atau terjamin setelah melakukan pembayaran klaim. [cite: 2059]
[cite_start]Apa yang dimaksud dengan "Penduduk" dalam daftar Kode Golongan Pihak Ketiga?|Penduduk adalah orang, badan hukum, atau badan lainnya, yang berdomisili atau berencana berdomisili di Indonesia sekurang-kurangnya 1 (satu) tahun, termasuk perwakilan dan staf diplomatik Republik Indonesia di luar negeri. [cite: 3040]
[cite_start]Apa yang dimaksud dengan "Bukan Penduduk" dalam daftar Kode Golongan Pihak Ketiga?|Bukan Penduduk adalah orang, badan hukum, atau badan lainnya, yang tidak berdomisili atau berencana berdomisili di Indonesia kurang dari 1 (satu) tahun, termasuk perwakilan dan staf diplomatik negara lain di Indonesia. [cite: 3067]
[cite_start]Bagaimana format penulisan tanggal dalam laporan SLIK?|Format penulisan tanggal adalah 4 (empat) digit tahun, 2 (dua) digit bulan, dan 2 (dua) digit tanggal (yyyymmdd) secara berurutan tanpa karakter pemisah. [cite: 849, 968, 1002, 1009, 1072, 1078, 1108, 1121, 1157, 1160, 1164, 1171, 1190, 1195, 1262, 1269, 1296, 1299, 1318, 1335, 1393, 1429, 1439]
[cite_start]Apa yang dimaksud dengan "Sektor Ekonomi"?|Sektor Ekonomi mengacu pada kode sektor ekonomi sesuai dengan ketentuan peraturan perundang-undangan mengenai laporan bank umum terintegrasi. [cite: 2079]
[cite_start]Bagaimana cara Pelapor mengubah user ID dan password SLIK?|Dalam hal terdapat perubahan pegawai pelaksana dan/atau pejabat yang akan melakukan administrasi dan pengelolaan hak akses pengguna SLIK Pelapor, permohonan perubahan user ID dan password disampaikan secara tertulis dengan menggunakan format yang ditentukan. [cite: 141]
[cite_start]Apa saja dokumen pendukung yang dibutuhkan untuk permohonan menjadi Pelapor bagi lembaga lain bukan LJK?|Dokumen pendukung berupa salinan anggaran dasar; struktur organisasi serta sumber daya manusia; bagi lembaga lain bukan LJK yaitu rekomendasi dari otoritas pengawas yang menyatakan kondisi keuangan yang sehat pada saat pendaftaran minimum selama 2 (dua) semester terakhir secara berturut-turut, surat penunjukan sebagai lembaga penyalur Fasilitas Penyediaan Dana untuk pelaksanaan program pemerintah (bagi lembaga yang menyalurkan Fasilitas Penyediaan Dana untuk pelaksanaan program pemerintah), dan surat pernyataaan yang mencantumkan kesediaan lembaga untuk menyampaikan laporan keuangan tahunan yang telah diaudit oleh akuntan publik kepada Otoritas Jasa Keuangan paling lambat akhir bulan ke-6 (enam) setelah periode tahun buku berakhir; bukti kesiapan data yang diperlukan dalam pelaporan SLIK; dan bukti kesiapan perangkat komputer, sistem operasi, dan jaringan komunikasi data. [cite: 120, 121, 122, 123, 124, 125, 126, 127, 128, 130, 131, 132, 133, 134, 135, 136, 137]
[cite_start]Berapa lama Otoritas Jasa Keuangan memberikan persetujuan atas permohonan menjadi Pelapor?|Otoritas Jasa Keuangan memberikan persetujuan atas permohonan menjadi Pelapor paling lama 10 (sepuluh) hari kerja sejak dokumen permohonan menjadi Pelapor diterima secara lengkap oleh Otoritas Jasa Keuangan dan seluruh persyaratan untuk menjadi Pelapor terpenuhi. [cite: 139]
[cite_start]Apa yang dilakukan Pelapor setelah ditetapkan menjadi Pelapor?|Setelah ditetapkan menjadi Pelapor, Pelapor menyampaikan permohonan user ID dan password secara tertulis yang memuat data pegawai pelaksana dan/atau pejabat yang akan melakukan administrasi dan pengelolaan hak akses pengguna SLIK Pelapor. [cite: 140]
[cite_start]Bagaimana penyampaian Laporan Debitur dan/atau koreksi Laporan Debitur secara luring dilakukan?|Laporan Debitur dan/atau koreksi Laporan Debitur disampaikan dalam bentuk rekaman data (file) kirim yang dihasilkan dari aplikasi SLIK yang disimpan dalam bentuk antara lain cakram padat atau diska lepas dan disertai pemberitahuan tertulis kepada Otoritas Jasa Keuangan. [cite: 227]
[cite_start]Apa saja dokumen pendukung yang harus dilampirkan bagi Pelapor yang mengalami gangguan teknis saat menyampaikan laporan secara luring?|Dokumen pendukung dari instansi yang terkait dengan kondisi gangguan teknis, antara lain surat atau pengumuman dari penyedia jaringan komunikasi data, surat dari penyedia jaringan listrik, dan/atau dokumen yang menyatakan telah ada upaya melakukan penyampaian laporan SLIK secara daring. [cite: 228, 229, 230, 231, 232, 233, 234, 235]
[cite_start]Kepada siapa Laporan Debitur dan/atau koreksi Laporan Debitur beserta dokumen pendukung disampaikan secara luring?|Disampaikan kepada Satuan kerja yang melaksanakan fungsi pengelolaan data dan statistik (bagi Pelapor yang berkantor pusat di wilayah Provinsi Daerah Khusus Ibukota Jakarta atau Provinsi Banten), atau Kantor Otoritas Jasa Keuangan setempat (bagi Pelapor yang berkantor pusat di luar wilayah Provinsi Daerah Khusus Ibukota Jakarta atau Provinsi Banten). [cite: 238, 239, 240, 241, 242]
[cite_start]Kapan Laporan Debitur oleh Pelapor yang telah dicabut izin usaha dan tidak memiliki pihak yang ditunjuk untuk penyelesaian kewajiban tidak lagi disajikan pada Informasi Debitur?|Laporan Debitur oleh Pelapor yang telah dicabut izin usaha dengan kriteria tidak memiliki pihak yang ditunjuk untuk melakukan penyelesaian kewajiban Pelapor tidak lagi disajikan pada Informasi Debitur. [cite: 292, 297]
[cite_start]Kapan Laporan Debitur oleh Pelapor yang pengunduran dirinya telah disetujui Otoritas Jasa Keuangan tidak lagi disajikan pada Informasi Debitur?|Laporan Debitur oleh Pelapor yang pengunduran dirinya telah disetujui oleh Otoritas Jasa Keuangan tidak lagi disajikan pada Informasi Debitur. [cite: 295, 297]
[cite_start]Kapan Laporan Debitur oleh Pelapor yang dibatalkan persetujuannya menjadi Pelapor oleh Otoritas Jasa Keuangan tidak lagi disajikan pada Informasi Debitur?|Laporan Debitur oleh Pelapor yang dibatalkan persetujuannya menjadi Pelapor oleh Otoritas Jasa Keuangan tidak lagi disajikan pada Informasi Debitur. [cite: 296, 297]
[cite_start]Berapa batas maksimal akses data Informasi Debitur bagi Pelapor?|Pelapor hanya dapat mengakses data Informasi Debitur paling banyak sebesar 100% (seratus persen) dari jumlah Debitur yang dilaporkan pada posisi data 2 (dua) bulan laporan sebelumnya. [cite: 303]
[cite_start]Kapan Otoritas Jasa Keuangan dapat melakukan penutupan hak akses permintaan Informasi Debitur Pelapor?|Otoritas Jasa Keuangan dapat melakukan penutupan hak akses permintaan Informasi Debitur Pelapor dalam hal terdapat indikasi adanya penyalahgunaan permintaan Informasi Debitur, risiko keamanan data, dan/atau gangguan terhadap kinerja SLIK secara keseluruhan yang diakibatkan oleh aktivitas permintaan Informasi Debitur oleh Pelapor. [cite: 379]
[cite_start]Bagaimana cara meminta Informasi Debitur kepada Pelapor?|Permintaan Informasi Debitur kepada Pelapor dilakukan dengan cara Debitur yang bersangkutan atau pihak yang diberi kuasa mengajukan permintaan Informasi Debitur kepada Pelapor yang memberikan Fasilitas Penyediaan Dana, pertanggungan/pengelolaan risiko, penjaminan, atau LPBBTI kepada Debitur yang bersangkutan, dengan menunjukkan identitas diri asli atau surat kuasa asli dan identitas diri asli dari Pemberi Kuasa dan Penerima Kuasa (jika dikuasakan). [cite: 414, 415, 416, 417]
[cite_start]Apa yang harus dilakukan Pelapor setelah menerima permintaan Informasi Debitur dari Debitur?|Pelapor melakukan upaya untuk dapat meyakini bahwa permintaan Informasi Debitur dilakukan oleh Debitur yang berhak. [cite: 419]
[cite_start]Apa yang harus ditatausahakan Pelapor terkait pemberian Informasi Debitur atas dasar permintaan Debitur?|Pelapor harus menatausahakan semua pemberian Informasi Debitur, paling sedikit meliputi tanggal pemberian Informasi Debitur, nama Debitur, peruntukan Informasi Debitur serta pegawai Pelapor yang mengajukan permintaan dan menerima Informasi Debitur. [cite: 421]
[cite_start]Apa yang harus dilakukan Pelapor dalam rangka verifikasi penggunaan Informasi Debitur?|Pelapor harus menatausahakan dokumen terkait penggunaan Informasi Debitur. [cite: 345]
[cite_start]Apa saja dokumen yang ditatausahakan untuk mendukung kelancaran proses pemberian fasilitas?|Dokumen yang ditatausahakan mencakup aplikasi pengajuan kredit/pembiayaan, dokumen pengajuan pertanggungan/pengelolaan risiko, dokumen pengajuan penjaminan, baik berbasis digital maupun dalam bentuk pengajuan luring serta dokumen calon Debitur (KTP/paspor untuk perseorangan, NPWP/akta pendirian/perubahan anggaran dasar terakhir untuk badan usaha). [cite: 345, 346, 347, 348]
[cite_start]Apa saja dokumen yang ditatausahakan untuk menerapkan manajemen risiko kredit atau pembiayaan, pertanggungan/pengelolaan risiko, penjaminan?|Dokumen yang ditatausahakan antara lain daftar nominatif Debitur, daftar kepesertaan asuransi, dan/atau daftar terjamin existing; dokumen perencanaan dan pelaksanaan audit; formulir pengaduan Debitur dan dokumen identitas Debitur; dan/atau surat pengajuan klaim. [cite: 351, 352, 353, 354, 355, 356, 357, 358, 359, 360]
[cite_start]Apa saja dokumen yang ditatausahakan untuk mengidentifikasi kualitas Debitur?|Dokumen yang ditatausahakan antara lain daftar nominatif Debitur, daftar kepesertaan asuransi, dan/atau daftar terjamin existing. [cite: 361]
[cite_start]Apa saja dokumen yang ditatausahakan untuk pengelolaan sumber daya manusia pada Pelapor?|Dokumen yang ditatausahakan antara lain dokumen identitas pegawai dan/atau calon pegawai; formulir aplikasi atau surat lamaran kerja calon pegawai; dan/atau daftar pegawai existing. [cite: 362, 363, 364, 365, 366, 367]
[cite_start]Apa saja dokumen yang ditatausahakan untuk verifikasi dalam rangka kerja sama Pelapor dengan pihak ketiga?|Dokumen yang ditatausahakan antara lain dokumen identitas pihak ketiga; dokumen pengajuan sebagai calon vendor dan dokumen identitas vendor; dan/atau surat penawaran yang disertai dengan dokumen pendukung kontrak. [cite: 369, 370, 371, 372, 373, 374, 375, 376]
[cite_start]Bagaimana waktu operasional permintaan Informasi Debitur disampaikan?|Waktu operasional permintaan Informasi Debitur disampaikan lebih lanjut melalui aplikasi SLIK. [cite: 378]
[cite_start]Siapa yang dapat meminta Informasi Debitur kepada Otoritas Jasa Keuangan dalam rangka pelaksanaan peraturan perundang-undangan dan/atau nota kesepahaman dengan Otoritas Jasa Keuangan?|Pihak lain. [cite: 433, 434, 435]
[cite_start]Bagaimana cara pihak lain yang mengajukan permintaan Informasi Debitur secara rutin?|Pihak lain yang mengajukan permintaan Informasi Debitur secara rutin mengadakan perjanjian dan/atau nota kesepahaman dengan Otoritas Jasa Keuangan. [cite: 439, 440]
[cite_start]Bagaimana cara pihak lain yang mengajukan permintaan Informasi Debitur secara insidental?|Pihak lain yang mengajukan permintaan Informasi Debitur secara insidental menyampaikan permohonan secara tertulis yang ditandatangani oleh pihak yang memiliki kewenangan, dengan menyampaikan alasan dan tujuan penggunaan Informasi Debitur serta identitas Debitur yang dimintakan informasi. [cite: 441, 442]
[cite_start]Kapan Informasi Debitur diberikan kepada pihak lain?|Dalam hal permintaan Informasi Debitur telah memenuhi persyaratan sebagaimana dimaksud dalam Surat Edaran Otoritas Jasa Keuangan ini, Informasi Debitur diberikan sesuai dengan alasan dan tujuan penggunaan. [cite: 443]
[cite_start]Apa yang dimaksud dengan "Create (C)" dalam operasi data?|Create (C) adalah operasi data yang digunakan untuk data baru pada saat pertama kali dilaporkan. [cite: 719]
[cite_start]Apa yang dimaksud dengan "Update (U)" dalam operasi data?|Update (U) adalah operasi data yang digunakan untuk data yang mengalami perubahan dari data yang sebelumnya dilaporkan. [cite: 722]
[cite_start]Apa yang dimaksud dengan "Delete (D)" dalam operasi data?|Delete (D) adalah operasi data yang digunakan untuk menghapus data yang pernah dilaporkan sebelumnya. [cite: 723]
[cite_start]Apa yang dimaksud dengan "Not Change (N)" dalam operasi data?|Not Change (N) adalah operasi data yang digunakan untuk data yang tidak mengalami perubahan dari data yang sebelumnya dilaporkan. [cite: 724]
[cite_start]Bagaimana jika terdapat segmen yang tidak memiliki data?|Apabila terdapat segmen yang tidak memiliki data, maka segmen tersebut tetap disampaikan dengan berisi header laporan segmennya saja. [cite: 715]
[cite_start]Apa yang perlu diperhatikan terkait pengisian kolom "Nama Sesuai Identitas" untuk Debitur perseorangan?|Kolom ini diisi dengan nama Debitur sesuai dengan nama tanpa gelar sesuai dengan yang tercantum dalam dokumen identitas Debitur. [cite: 802, 803]
[cite_start]Bagaimana pengisian kolom "Nama Lengkap (Nama Tanpa Singkatan)" jika nama sesuai dokumen identitas mengandung singkatan?|Jika nama sesuai dokumen identitas mengandung singkatan, maka Pelapor meminta informasi kepada Debitur mengenai kepanjangan dari singkatan nama tersebut. [cite: 810]
[cite_start]Bagaimana pengisian kolom "Nomor Pokok Wajib Pajak (NPWP)" untuk istri yang tidak memiliki NPWP sendiri?|Istri yang tidak memiliki NPWP sendiri, pelaporannya dapat menggunakan NPWP suami jika tidak terdapat pemisahan harta. [cite: 862]
[cite_start]Bagaimana pengisian kolom "Nomor Telepon" jika nomor telepon mengandung karakter selain angka?|Jika nomor telepon mengandung karakter selain angka maka karakter tersebut tidak perlu disertakan. [cite: 886, 887]
[cite_start]Bagaimana pengisian kolom "Nomor Telepon" untuk nomor luar negeri?|Untuk nomor luar negeri disertai dengan kode negara. [cite: 891]
[cite_start]Apa yang dimaksud dengan "Plafon Awal"?|Plafon awal diisi dengan nominal plafon awal dari kredit atau pembiayaan dalam satuan penuh mata uang Rupiah. [cite: 922]
[cite_start]Apa yang dimaksud dengan "Plafon"?|Plafon diisi dengan nominal plafon efektif dari kredit atau pembiayaan dalam satuan penuh mata uang Rupiah. [cite: 923]
[cite_start]Apa yang dimaksud dengan "Realisasi atau Pencairan Bulan Berjalan"?|Kolom ini diisi dengan nominal realisasi atau pencairan kredit atau pembiayaan yang dilakukan pada bulan data yang dilaporkan dengan satuan penuh mata uang Rupiah. [cite: 935, 936]
[cite_start]Apa yang dimaksud dengan "Denda"?|Kolom ini diisi dengan nominal denda yang dikenakan terhadap Debitur dalam satuan penuh mata uang Rupiah. [cite: 941]
[cite_start]Apa yang dimaksud dengan "Baki Debet"?|Kolom ini diisi dengan nominal baki debet dari kredit atau pembiayaan dalam satuan penuh mata uang Rupiah. [cite: 944]
[cite_start]Apa yang dimaksud dengan "Tunggakan Pokok"?|Kolom ini diisi dengan nominal tunggakan pokok dari kredit atau pembiayaan dalam satuan penuh mata uang Rupiah. [cite: 977]
[cite_start]Apa yang dimaksud dengan "Tunggakan Bunga atau Imbalan"?|Kolom ini diisi dengan nominal tunggakan bunga atau imbalan dari kredit atau pembiayaan dalam satuan penuh mata uang Rupiah. [cite: 981, 982]
[cite_start]Apa yang dimaksud dengan "Jumlah Hari Tunggakan"?|Kolom ini diisi dengan jumlah hari tunggakan fasilitas kredit atau pembiayaan yang dilaporkan (tunggakan pokok dan/atau bunga atau imbalan). [cite: 986]
[cite_start]Apa yang dimaksud dengan "Frekuensi Tunggakan"?|Kolom ini diisi dengan frekuensi tunggakan fasilitas kredit atau pembiayaan yang terjadi (tunggakan pokok dan/atau bunga atau imbalan) sejak terakhir kali melakukan pelunasan tunggakan. [cite: 991, 992]
[cite_start]Apa yang dimaksud dengan "Frekuensi Restrukturisasi"?|Kolom ini diisi dengan frekuensi restrukturisasi sejak tanggal awal kredit atau pembiayaan. [cite: 995]
[cite_start]Apa yang dimaksud dengan "Tanggal Restrukturisasi Awal"?|Kolom ini diisi dengan tanggal pada saat fasilitas kredit atau pembiayaan direstrukturisasi pertama kali. [cite: 1000]
[cite_start]Apa yang dimaksud dengan "Tanggal Restrukturisasi Akhir"?|Kolom ini diisi dengan tanggal pada saat fasilitas kredit atau pembiayaan direstrukturisasi terakhir kali. [cite: 1007]
[cite_start]Apa yang dimaksud dengan "Kode Kondisi" dalam konteks Fasilitas Kredit atau Pembiayaan?|Kode Kondisi menunjukkan kondisi dari fasilitas kredit atau pembiayaan yang dilaporkan. [cite: 1020]
[cite_start]Apa yang dimaksud dengan "Keterangan" dalam konteks Fasilitas Kredit atau Pembiayaan?|Kolom ini diisi jika ada keterangan tambahan atau keterangan lain yang diperlukan terkait fasilitas kredit atau pembiayaan yang dilaporkan. [cite: 1030]
[cite_start]Apa yang dimaksud dengan "Sovereign Rate" dalam konteks Fasilitas Surat Berharga?|Kolom ini diisi dengan sovereign rate negara perusahaan atau lembaga penerbit surat berharga. [cite: 1058]
[cite_start]Apa yang dimaksud dengan "Peringkat Surat Berharga"?|Kolom ini diisi dengan peringkat surat berharga yang dilaporkan. [cite: 1063]
[cite_start]Apa yang dimaksud dengan "Nilai Perolehan" dalam konteks Fasilitas Surat Berharga?|Kolom ini diisi dengan nilai perolehan surat berharga dalam satuan penuh mata uang Rupiah. [cite: 1092]
[cite_start]Apa yang dimaksud dengan "Suku Bunga atau Imbalan" dalam konteks Fasilitas Surat Berharga?|Kolom ini diisi dengan persentase suku bunga atau imbalan fasilitas surat berharga. [cite: 1095]
[cite_start]Apa yang dimaksud dengan "Tunggakan" dalam konteks Fasilitas Surat Berharga?|Kolom ini diisi dengan nominal tunggakan (pokok dan/atau bunga atau imbalan) dalam satuan penuh mata uang Rupiah. [cite: 1097]
[cite_start]Apa yang dimaksud dengan "Tanggal Jatuh Tempo" dalam konteks Fasilitas Irrevocable L/C?|Kolom ini berisi tanggal jatuh tempo L/C. [cite: 1158]
[cite_start]Apa yang dimaksud dengan "Setoran Jaminan" dalam konteks Fasilitas Irrevocable L/C?|Kolom ini berisi nilai nominal uang yang diterima Pelapor sebagai jaminan yang akan diperhitungkan pada waktu penyelesaian transaksi dalam satuan penuh mata uang Rupiah. [cite: 1182]
[cite_start]Apa yang dimaksud dengan "Nama Penerima Jaminan/Obligee" dalam konteks Fasilitas Garansi yang Diberikan?|Kolom ini diisi dengan pihak yang menerima jaminan/obligee garansi yang diberikan. [cite: 1247]
[cite_start]Apa yang dimaksud dengan "Suku Bunga atau Imbalan" dalam konteks Fasilitas Lain?|Kolom ini diisi dengan persentase suku bunga atau imbalan per tahun fasilitas dimaksud. [cite: 1301]
[cite_start]Apa yang dimaksud dengan "Sumber Dana" dalam konteks Fasilitas Lain?|Kolom ini diisi dengan kode pelapor atau kode golongan pihak ketiga sumber dana fasilitas. [cite: 1291]
[cite_start]Apa yang dimaksud dengan "Nilai Agunan Sesuai NJOP atau Nilai Wajar"?|Kolom ini diisi dengan nilai nominal berdasarkan Nilai Jual Obyek Pajak (NJOP) atau nilai wajar atas barang yang dijadikan agunan. [cite: 1412, 1413, 1414]
[cite_start]Apa yang dimaksud dengan "Nilai Agunan Menurut Pelapor"?|Kolom ini diisi dengan nilai agunan berdasarkan penilaian Pelapor atas barang yang dijadikan agunan berupa barang bergerak, barang tak bergerak, persediaan barang, dan lainnya. [cite: 1419]
[cite_start]Apa yang dimaksud dengan "Nilai Agunan Menurut Penilai Independen"?|Kolom ini diisi dengan nilai agunan berdasarkan penilaian oleh penilai independen dalam satuan penuh mata uang Rupiah. [cite: 1432]
[cite_start]Apa yang dimaksud dengan "Status Paripasu"?|Kolom ini diisi dengan “Y” jika agunan paripasu dan “T” jika agunan bukan paripasu. [cite: 1442]
[cite_start]Apa yang dimaksud dengan "Persentase Paripasu"?|Kolom ini berisi besar persentase nilai agunan yang diserahkan Debitur kepada Pelapor untuk menjamin fasilitas yang diberikan. [cite: 1444]
[cite_start]Apa yang dimaksud dengan "Diasuransikan" dalam konteks Agunan?|Kolom ini diisi dengan “Y” jika agunan diasuransikan dan “T” jika agunan tidak diasuransikan. [cite: 1449]
[cite_start]Apa yang dimaksud dengan "Nomor Identitas Penjamin"?|Kolom ini diisi dengan nomor identitas penjamin. [cite: 1460]
[cite_start]Apa yang dimaksud dengan "Pangsa Kepemilikan" dalam konteks Pengurus dan/atau Pemilik Debitur Badan Usaha?|Kolom ini diisi dengan persentase kepemilikan terhadap Debitur badan usaha. [cite: 1541]
[cite_start]Apa yang dimaksud dengan "Posisi Laporan Keuangan Tahunan Debitur Badan Usaha"?|Kolom ini diisi dengan posisi laporan keuangan tahunan untuk Debitur badan usaha dengan format yyyymm. [cite: 1561]
[cite_start]Apa yang dimaksud dengan "Piutang Usaha atau Pembiayaan (Aset Lancar)"?|Pos ini merupakan seluruh klaim perusahaan yang timbul karena penjualan barang atau jasa dalam rangka kegiatan usaha normal perusahaan yang diharapkan diperoleh di masa yang akan datang setelah dikurangi dengan cadangan kerugian penurunan nilai. [cite: 1578]
Apa yang dimaksud dengan "Kas dan Setara Kas (Aset Lancar)"?|Pos ini merupakan kas (cash on hand), rekening giro, dan tabungan yang tidak dibatasi penggunaannya. [cite_start]Setara kas adalah investasi yang sifatnya sangat likuid, berjangka pendek, dan yang dengan cepat dapat dijadikan kas dalam jumlah tertentu tanpa menghadapi risiko perubahan nilai yang signifikan. [cite: 1569, 1570, 1571]
[cite_start]Apa yang dimaksud dengan "Investasi atau Aset Keuangan Lainnya (Aset Lancar)"?|Pos ini merupakan investasi atau aset keuangan yang akan jatuh tempo dalam waktu kurang dari 12 (dua belas) bulan setelah periode pelaporan. [cite: 1582]
[cite_start]Apa yang dimaksud dengan "Aset Lancar Lainnya (Aset Lancar)"?|Pos ini merupakan aset lancar yang tidak termasuk kategori sebelumnya. [cite: 1587]
[cite_start]Apa yang dimaksud dengan "Piutang Usaha atau Pembiayaan (Aset Tidak Lancar)"?|Pos ini merupakan seluruh klaim perusahaan yang timbul karena penjualan barang atau jasa dalam rangka kegiatan usaha normal perusahaan yang akan jatuh tempo dalam waktu lebih dari 12 (dua belas) bulan setelah periode pelaporan,  setelah dikurangi dengan cadangan kerugian penurunan nilai. [cite: 1595]
[cite_start]Apa yang dimaksud dengan "Investasi atau Aset Keuangan Lain (Aset Tidak Lancar)"?|Pos ini merupakan investasi atau aset keuangan lain yang akan jatuh tempo dalam waktu lebih dari 12 (dua belas) bulan setelah periode pelaporan. [cite: 1599]
[cite_start]Apa yang dimaksud dengan "Aset Tidak Lancar Lain (Aset Tidak Lancar)"?|Pos ini merupakan aset tidak lancar yang tidak termasuk kategori sebelumnya. [cite: 1603]
Apa yang dimaksud dengan "Pinjaman Jangka Pendek (Liabilitas Jangka Pendek)"?|Pos ini merupakan saldo pinjaman perusahaan dari bank atau lembaga keuangan lainnya, termasuk cerukan. [cite_start]Bunga yang telah jatuh tempo disajikan sebagai akrual. [cite: 1613, 1614]
[cite_start]Apa yang dimaksud dengan "Utang Usaha Jangka Pendek (Liabilitas Jangka Pendek)"?|Pos ini merupakan liabilitas yang terjadi dalam rangka kegiatan usaha normal perusahaan untuk membayar barang atau jasa yang telah diterima atau dipasok dan telah ditagih melalui faktur atau secara formal sudah disepakati dengan pemasok. [cite: 1618]
[cite_start]Apa yang dimaksud dengan "Liabilitas Jangka Pendek Lain (Liabilitas Jangka Pendek)"?|Pos ini merupakan liabilitas jangka pendek yang tidak termasuk kategori sebelumnya. [cite: 1623]
Apa yang dimaksud dengan "Pinjaman Jangka Panjang (Liabilitas Jangka Panjang)"?|Pos ini merupakan liabilitas jangka panjang perusahaan yang akan jatuh tempo dalam waktu lebih dari 12 (dua belas) bulan setelah periode pelaporan. [cite_start]Liabilitas yang termasuk dalam pos ini antara lain pinjaman, surat berharga yang diterbitkan oleh perusahaan, dan utang sewa pembiayaan. [cite: 1631, 1632]
[cite_start]Apa yang dimaksud dengan "Utang Usaha Jangka Panjang (Liabilitas Jangka Panjang)"?|Pos ini merupakan liabilitas yang terjadi dalam rangka kegiatan usaha normal perusahaan untuk membayar barang atau jasa yang telah diterima atau dipasok dan telah ditagih melalui faktur atau secara formal sudah disepakati dengan pemasok yang akan jatuh tempo dalam waktu lebih dari 12 (dua belas) bulan. [cite: 1636]
[cite_start]Apa yang dimaksud dengan "Liabilitas Jangka Panjang Lain (Liabilitas Jangka Panjang)"?|Pos ini merupakan liabilitas jangka panjang yang tidak termasuk kategori sebelumnya. [cite: 1641]
[cite_start]Apa yang dimaksud dengan "Pendapatan Usaha atau Operasional"?|Kolom ini diisi dengan pos pendapatan usaha atau operasional dalam satuan penuh mata uang Rupiah. [cite: 1646]
[cite_start]Apa yang dimaksud dengan "Beban Pokok Pendapatan atau Beban Operasional"?|Kolom ini diisi dengan pos beban pokok pendapatan atau beban operasional dalam satuan penuh mata uang Rupiah. [cite: 1649]
[cite_start]Apa yang dimaksud dengan "Laba atau Rugi Bruto"?|Kolom ini diisi dengan pos laba atau rugi bruto dalam satuan penuh mata uang Rupiah. [cite: 1652]
[cite_start]Apa yang dimaksud dengan "Pendapatan Lain-lain atau Non-Operasional"?|Kolom ini diisi dengan pos pendapatan lain-lain atau non operasional dalam satuan penuh mata uang Rupiah. [cite: 1655]
[cite_start]Apa yang dimaksud dengan "Beban Lain-lain atau Non-Operasional"?|Kolom ini diisi dengan pos beban lain-lain atau non-operasional dalam satuan penuh mata uang Rupiah. [cite: 1659]
[cite_start]Apa yang dimaksud dengan "Laba atau Rugi Sebelum Pajak"?|Kolom ini diisi dengan pos laba atau rugi sebelum pajak dalam satuan penuh mata uang Rupiah. [cite: 1662]
[cite_start]Apa yang dimaksud dengan "Laba atau Rugi Tahun Berjalan"?|Kolom ini diisi dengan pos laba atau rugi tahun berjalan dalam satuan penuh mata uang Rupiah. [cite: 1665]